,domain_interaction,count
20,3.40.50.720:major_partner-3.90.110.10:partner,920
28,3.50.50.60:major_partner-3.50.50.60:partner,783
33,3.40.309.10:partner-3.40.605.10:major_partner,696
35,3.40.50.720:major_partner-3.90.180.10:partner,651
47,3.40.50.300:major_partner-3.40.50.300:partner,503
52,1.10.1130.10:major_partner-1.20.140.10:partner,464
53,1.10.420.10:major_partner-1.10.520.10:partner,464
57,1.10.510.10:partner-3.30.200.20:major_partner,454
58,1.10.1130.10:major_partner-1.10.287.3080:partner,454
61,3.30.360.10:partner-3.40.50.720:major_partner,436
62,3.40.50.2000:major_partner-3.40.50.2000:partner,415
67,3.20.20.70:major_partner-3.20.20.70:partner,396
73,3.40.50.970:major_partner-3.40.50.970:partner,356
92,3.40.50.720:major_partner-3.40.50.720:partner,284
93,1.20.140.10:partner-1.20.140.10:partner-2.40.110.10:partner,274
94,3.20.20.120:major_partner-3.30.390.10:partner,267
95,2.60.130.10:major_partner-2.60.130.10:partner,265
97,3.40.50.1950:major_partner-3.40.50.1950:partner,259
98,3.30.70.270:partner-3.40.1170.60:major_partner,258
101,3.40.1190.20:major_partner-3.40.1190.20:partner,252
102,2.30.26.10:partner-3.20.20.70:major_partner,248
104,3.30.1130.10:major_partner-3.30.1130.10:partner,243
106,3.30.230.40:partner-3.30.230.40:partner-3.30.230.40:partner,240
113,1.10.1130.10:major_partner-1.10.1130.10:partner-1.20.140.10:partner,228
116,3.40.718.10:major_partner-3.40.718.10:partner,220
118,3.40.50.1370:major_partner-3.40.50.1370:partner,218
124,1.10.8.60:partner-3.40.50.300:major_partner,211
125,3.30.420.40:major_partner-3.30.420.40:partner,209
126,3.40.47.10:major_partner-3.40.47.10:partner,208
130,2.160.10.10:major_partner-2.160.10.10:partner,203
131,3.10.270.10:major_partner-3.10.270.10:partner,200
134,3.40.50.10860:major_partner-3.40.50.720:partner,193
136,2.40.30.10:major_partner-3.40.50.80:partner,190
137,2.70.40.10:major_partner-2.70.40.10:partner,189
140,3.40.109.10:major_partner-3.40.109.10:partner,185
143,3.30.1490.20:partner-3.30.470.20:major_partner,177
146,3.30.1360.170:major_partner-3.30.1360.170:partner-3.30.1360.170:partner,176
148,1.10.3210.10:major_partner-1.10.3210.10:partner,175
149,3.40.50.10860:partner-3.40.50.720:major_partner,174
156,3.30.210.10:partner-3.30.460.10:major_partner,168
159,1.20.140.10:partner-1.20.140.10:partner-2.40.110.10:major_partner,160
161,3.30.230.40:major_partner-3.30.230.40:partner,158
162,3.40.50.1480:partner-3.40.50.720:major_partner,157
163,3.30.70.270:major_partner-3.30.70.270:partner,156
169,3.40.50.960:major_partner-3.40.50.960:partner,151
173,3.30.1360.170:major_partner-3.30.1360.170:partner,147
176,3.10.129.10:major_partner-3.10.129.10:partner,145
184,3.40.50.720:partner-3.90.110.10:major_partner,137
185,1.20.120.550:major_partner-1.20.120.550:partner,136
187,3.20.20.110:major_partner-3.30.70.150:partner,134
191,3.30.420.40:partner-3.30.420.40:partner-3.90.640.10:partner,129
196,2.60.40.420:major_partner-2.60.40.420:partner,125
197,3.40.50.720:partner-3.90.25.10:major_partner,122
198,1.20.1050.10:partner-3.40.30.10:major_partner,122
202,3.40.640.10:major_partner-3.90.1150.10:partner,119
204,3.30.950.10:major_partner-3.40.1010.10:partner,119
207,3.30.420.40:major_partner-3.30.420.40:partner-3.90.640.10:partner,116
210,1.10.1130.10:partner-1.10.287.3080:major_partner,112
211,3.30.9.10:partner-3.50.50.60:major_partner,111
216,2.60.120.260:partner-3.20.20.80:major_partner,108
218,3.40.640.10:partner-3.90.1150.10:major_partner,107
219,3.30.420.10:major_partner-3.30.420.10:partner,106
223,2.40.30.90:major_partner-3.40.50.10790:partner,104
225,3.30.1490.20:major_partner-3.30.470.20:partner,103
226,3.30.43.10:partner-3.30.465.10:major_partner,102
229,1.10.510.10:major_partner-3.30.200.20:partner,101
232,3.50.50.60:major_partner-3.90.700.10:partner,98
235,3.40.640.10:major_partner-3.40.640.10:partner,97
236,3.40.50.10380:partner-3.40.50.720:major_partner,96
238,1.10.287.690:partner-3.90.1600.10:major_partner,94
244,3.40.50.360:major_partner-3.40.50.360:partner,90
249,1.20.120.420:partner-3.40.50.10470:major_partner,86
250,3.40.309.10:major_partner-3.40.605.10:partner,86
251,3.50.50.60:partner-3.90.660.10:major_partner,86
253,3.20.70.20:major_partner-3.20.70.20:partner,85
254,1.20.1200.10:major_partner-1.20.1200.10:partner,85
258,3.65.10.10:major_partner-3.65.10.10:partner,84
263,3.30.420.40:major_partner-3.40.367.20:partner,83
266,1.10.1040.10:partner-3.40.50.720:major_partner,82
268,3.30.9.10:major_partner-3.50.50.60:partner,81
276,1.10.1130.10:partner-1.20.140.10:major_partner,78
279,3.30.300.10:major_partner-3.30.300.10:partner,76
281,1.10.780.10:major_partner-1.20.850.10:partner,76
282,3.40.630.30:major_partner-3.40.630.30:partner,75
284,3.40.50.1400:major_partner-3.40.50.1400:partner,74
287,3.20.20.100:major_partner-3.20.20.100:partner,72
291,3.30.540.10:partner-3.40.190.80:major_partner,70
292,3.40.50.620:major_partner-3.40.50.620:partner,69
293,3.40.50.1480:major_partner-3.40.50.720:partner,69
294,2.30.140.10:partner-3.40.50.150:major_partner,69
295,3.30.1330.50:major_partner-3.30.1330.50:partner,69
298,2.60.200.30:major_partner-2.60.200.30:partner,68
308,3.30.1600.10:partner-3.40.50.1220:major_partner,65
314,3.40.190.10:major_partner-3.40.190.10:partner,64
321,1.10.405.10:partner-3.90.660.10:major_partner,60
322,1.10.405.10:major_partner-3.90.660.10:partner,59
323,3.40.440.10:partner-3.90.170.10:major_partner,58
326,3.50.50.60:partner-3.90.700.10:major_partner,58
328,3.30.360.10:major_partner-3.40.50.720:partner,57
329,3.40.630.10:major_partner-3.50.30.30:partner,57
334,3.40.50.10470:major_partner-3.40.50.10470:partner,56
335,3.40.50.720:major_partner-3.90.25.10:partner,56
336,1.10.275.10:major_partner-1.20.200.10:partner,56
341,3.10.129.10:partner-3.10.129.10:partner-3.10.129.10:partner,53
344,1.10.12.10:partner-3.90.226.10:major_partner,53
347,3.90.79.10:major_partner-3.90.79.10:partner,50
350,3.40.1400.10:major_partner-3.40.1400.10:partner,50
352,3.30.70.1230:major_partner-3.30.70.1230:partner,49
356,1.20.140.10:major_partner-2.40.110.10:partner,48
357,3.40.50.1860:major_partner-3.40.50.1860:partner,48
358,3.30.230.40:major_partner-3.30.230.40:partner-3.30.230.40:partner,48
359,1.10.150.20:major_partner-3.30.70.370:partner,48
360,3.10.310.10:major_partner-3.10.310.10:partner,48
361,3.40.50.1100:major_partner-3.40.50.1100:partner,47
362,3.40.605.10:major_partner-3.40.605.10:partner,47
363,2.40.40.20:partner-3.40.228.10:major_partner,46
364,1.20.5.100:major_partner-1.20.5.270:partner,46
368,2.30.110.10:major_partner-2.30.110.10:partner,45
369,3.40.50.10830:partner-3.40.50.10830:partner-6.10.140.120:major_partner,45
370,2.40.30.90:partner-3.40.50.10790:major_partner,45
371,3.50.50.60:major_partner-3.90.660.10:partner,44
375,3.10.180.10:major_partner-3.10.180.10:partner,44
377,3.30.60.20:partner-3.40.50.300:major_partner,44
380,1.20.840.10:major_partner-1.20.840.10:partner,43
381,3.40.50.2020:major_partner-3.40.50.2020:partner,43
385,3.30.479.10:major_partner-3.30.479.10:partner,42
389,1.20.1090.10:partner-3.40.50.1970:major_partner,42
390,3.40.50.720:partner-3.90.180.10:major_partner,42
392,3.40.140.10:major_partner-3.40.140.10:partner,42
396,3.20.10.10:major_partner-3.30.470.10:partner,41
397,3.90.550.10:major_partner-3.90.550.10:partner,41
401,1.20.5.100:partner-3.40.50.720:major_partner-3.40.50.720:partner,40
403,1.10.230.10:major_partner-1.10.580.10:partner,39
405,3.40.1010.20:partner-3.40.1010.20:partner-3.40.50.11270:partner,39
409,3.30.200.20:major_partner-3.90.1200.10:partner,39
412,1.10.780.10:partner-1.20.850.10:major_partner,38
413,3.30.1330.160:partner-3.30.1330.170:partner-3.30.1330.180:partner,38
415,3.30.1300.10:partner-3.40.50.620:major_partner,38
416,1.10.10.1140:partner-3.40.50.620:partner-3.40.50.620:partner,38
419,1.10.1610.10:partner-3.40.50.10210:major_partner,38
422,3.90.470.20:major_partner-3.90.470.20:partner,37
423,3.30.200.20:major_partner-3.30.470.20:partner,37
424,3.20.20.60:partner-3.40.1380.20:major_partner,37
436,1.10.3210.10:partner-1.10.3210.10:partner-1.10.3210.10:partner,35
438,3.40.50.10380:major_partner-3.40.50.720:partner,35
441,1.10.1130.10:major_partner-1.10.287.3080:major_partner,34
443,6.10.240.10:major_partner-6.10.240.10:partner,34
445,1.10.287.90:partner-1.20.210.10:major_partner,34
446,3.30.230.40:major_partner-3.30.230.40:major_partner,34
457,2.60.120.10:major_partner-2.60.120.10:partner,33
462,3.90.110.10:major_partner-3.90.110.10:partner,32
463,1.20.140.10:partner-2.40.110.10:major_partner,32
464,3.30.9.30:partner-3.50.50.60:major_partner,32
467,3.40.910.10:major_partner-3.40.910.10:partner,32
471,3.30.9.10:major_partner-3.40.50.720:partner,32
473,3.90.226.10:major_partner-3.90.226.10:partner,31
476,3.40.640.10:partner-3.40.640.10:partner-3.90.1150.10:partner,31
479,1.10.400.10:partner-3.40.50.300:major_partner,30
482,3.30.230.10:major_partner-3.30.70.890:partner,30
484,2.102.10.10:major_partner-3.10.450.50:partner,30
485,1.10.40.40:major_partner-3.40.50.1000:partner,30
492,1.20.82.10:partner-3.40.50.720:major_partner,29
496,1.10.1140.10:partner-3.40.50.300:major_partner,28
498,3.30.300.10:major_partner-3.30.300.10:partner-3.30.300.10:partner,28
501,1.10.287.70:major_partner-1.10.287.70:partner,28
502,3.40.50.450:major_partner-3.40.50.450:partner,28
504,3.10.10.10:partner-3.30.70.270:major_partner,27
506,1.10.3270.10:major_partner-3.90.770.10:partner,27
507,2.70.98.20:major_partner-3.10.450.40:partner,27
508,3.40.50.12470:partner-3.40.50.970:major_partner,27
509,1.10.1040.10:major_partner-3.40.50.720:partner,27
510,3.30.70.270:major_partner-3.40.1170.60:partner,27
512,3.40.50.10490:major_partner-3.40.50.10490:partner,27
514,3.30.300.30:partner-3.40.50.12780:major_partner,26
515,1.20.810.10:major_partner-1.20.810.10:partner,26
518,3.30.420.150:major_partner-3.30.420.40:partner,26
521,3.30.420.10:major_partner-3.30.70.270:partner,26
522,1.10.275.10:partner-1.20.200.10:major_partner,26
523,3.40.50.1820:major_partner-3.40.50.1820:partner,26
526,2.130.10.10:partner-2.60.30.10:major_partner,25
527,3.30.559.10:major_partner-3.30.559.10:partner,25
528,3.30.800.10:major_partner-3.30.810.10:partner,25
529,3.40.50.620:major_partner-3.90.1260.10:partner,25
530,1.10.1410.30:partner-3.30.460.10:major_partner,25
532,1.10.420.10:partner-1.10.520.10:major_partner,25
534,3.30.60.20:major_partner-3.40.50.300:partner,25
536,2.130.10.10:major_partner-2.60.30.10:partner,24
537,1.10.3730.10:partner-3.40.50.720:major_partner,24
539,2.60.200.30:major_partner-2.60.200.30:partner-3.40.50.10330:partner,24
541,2.70.40.10:partner-2.70.40.10:partner-2.70.40.10:partner,24
542,1.10.540.10:partner-1.20.140.10:major_partner-2.40.110.10:partner,24
543,1.10.510.10:major_partner-3.30.200.20:major_partner,24
544,3.30.390.30:partner-3.50.50.60:major_partner,24
545,1.10.760.10:major_partner-1.10.760.10:partner,24
546,1.10.135.10:partner-3.30.590.10:major_partner,24
547,1.20.1220.12:partner-3.20.20.360:major_partner,24
548,1.10.760.10:partner-2.140.10.20:major_partner,24
551,2.40.40.20:partner-3.40.50.740:major_partner,24
552,3.40.1160.10:major_partner-3.40.1160.10:partner,24
555,3.30.1360.170:partner-3.30.1360.170:partner-3.30.1360.170:partner,24
557,1.25.40.120:partner-1.50.10.20:major_partner,23
559,1.50.10.20:major_partner-1.50.10.20:partner,23
560,3.40.50.1580:major_partner-3.40.50.1580:partner,23
561,3.40.1190.10:major_partner-3.90.190.20:partner,23
564,3.40.50.720:partner-3.90.25.30:major_partner,23
568,2.40.70.10:major_partner-2.40.70.10:partner,23
574,3.40.50.12150:partner-3.40.50.720:major_partner,22
575,3.30.70.420:major_partner-3.90.770.10:partner,22
578,1.10.230.10:partner-1.10.580.10:major_partner,22
579,3.40.50.11340:partner-3.40.50.11350:major_partner,22
582,3.40.1110.10:major_partner-3.40.50.1000:partner,22
585,3.10.120.10:major_partner-3.20.20.70:partner,22
589,3.40.50.720:major_partner-3.50.50.60:partner,21
593,3.40.50.9100:major_partner-3.40.50.9100:partner,21
594,3.30.70.260:major_partner-3.30.70.260:partner,21
596,3.40.50.10230:major_partner-3.40.50.10230:partner,21
598,1.20.89.20:partner-3.40.50.1980:partner-3.40.50.1980:partner-3.40.50.1980:partner,20
605,3.40.50.1000:major_partner-3.40.50.1000:partner,20
607,3.20.20.120:partner-3.30.390.10:major_partner,20
610,3.30.470.20:major_partner-3.40.50.20:partner,19
613,1.10.150.240:partner-3.40.50.1000:major_partner,19
615,1.20.200.10:major_partner-1.20.200.10:partner,19
617,1.10.287.1350:partner-3.40.50.150:major_partner,19
621,1.10.3730.10:major_partner-1.10.3730.10:partner,18
622,1.10.1160.10:partner-3.40.50.620:major_partner,18
623,1.10.10.10:partner-3.40.630.30:major_partner,18
626,1.10.390.10:major_partner-3.30.2010.30:partner,18
629,2.40.40.20:major_partner-2.40.40.20:partner,18
630,1.20.58.480:major_partner-1.20.58.480:partner,18
634,2.40.10.10:major_partner-2.40.10.10:partner,18
637,1.10.300.10:partner-3.40.440.10:major_partner-3.90.170.10:partner,18
638,1.20.1050.10:major_partner-3.40.30.10:partner,18
639,1.10.3210.10:major_partner-1.10.3210.10:major_partner,18
640,2.60.200.30:major_partner-3.40.50.10330:partner,18
641,3.40.50.261:major_partner-3.40.50.261:partner,18
642,3.30.70.120:major_partner-3.30.70.120:partner,18
645,3.30.70.360:partner-3.40.630.10:major_partner,17
646,1.10.150.240:major_partner-3.40.50.1000:partner,17
647,3.40.1050.10:major_partner-3.40.1050.10:partner,17
648,3.40.50.620:partner-3.90.1260.10:major_partner,17
651,3.40.1010.20:major_partner-3.40.50.11270:partner,17
653,1.10.540.10:partner-1.20.140.10:major_partner,17
655,3.30.559.10:major_partner-3.30.559.70:partner,17
657,3.20.20.120:major_partner-3.20.20.120:partner,17
660,3.30.870.10:major_partner-3.30.870.10:partner,17
662,3.30.1330.40:major_partner-3.30.1330.40:partner,17
663,1.10.220.160:partner-2.170.270.10:major_partner,17
665,1.20.82.10:major_partner-3.40.50.720:partner,17
667,3.30.1600.10:major_partner-3.40.50.1220:partner,16
670,1.10.1530.10:partner-3.30.1370.60:major_partner-3.30.1370.60:partner,16
672,3.40.140.20:major_partner-3.40.140.20:partner,16
673,2.10.240.10:partner-2.40.30.10:major_partner,16
676,3.40.1190.20:major_partner-3.40.50.10260:partner,16
677,3.40.47.10:major_partner-3.40.47.10:partner-3.40.47.10:partner,16
681,3.40.50.1400:partner-3.40.50.1400:partner-3.40.50.1400:partner,16
682,3.40.50.720:major_partner-3.90.110.10:major_partner,16
683,3.20.20.60:major_partner-3.20.20.60:partner,16
684,1.20.1090.10:major_partner-3.40.50.1970:partner,16
687,3.20.20.110:major_partner-3.20.20.110:partner,16
690,3.30.70.3180:major_partner-3.30.70.3180:partner,16
692,3.40.50.1220:partner-3.40.50.970:major_partner,16
693,3.30.1360.80:major_partner-3.30.1360.80:partner,15
695,2.60.120.260:major_partner-3.20.20.80:partner,15
696,3.30.63.10:major_partner-3.40.50.300:partner,15
698,3.30.420.40:major_partner-3.30.420.510:partner,15
701,3.30.420.40:partner-3.40.367.20:major_partner,15
704,2.60.40.180:major_partner-2.60.40.180:partner,15
705,3.20.20.80:major_partner-3.90.400.10:partner,15
711,1.10.300.10:partner-3.40.440.10:partner-3.90.170.10:partner,14
712,1.10.1060.10:partner-1.20.1300.10:major_partner,14
713,1.10.780.10:major_partner-1.20.850.10:partner-1.20.850.10:partner,14
717,2.60.120.260:major_partner-3.20.20.80:major_partner,14
718,2.70.98.20:major_partner-3.10.450.40:major_partner,14
722,3.30.43.10:major_partner-3.30.465.10:partner,14
723,3.30.420.530:major_partner-3.30.420.540:partner,14
724,3.30.46.10:partner-3.40.50.150:major_partner,14
725,2.40.30.10:partner-3.40.50.80:major_partner,14
727,1.10.300.10:partner-3.40.440.10:major_partner,14
728,1.20.840.10:partner-1.20.840.10:partner-3.30.70.470:partner,14
734,2.60.40.420:major_partner-2.60.40.420:major_partner,13
735,3.20.10.10:partner-3.30.470.10:major_partner,13
739,1.10.240.10:partner-3.40.50.620:major_partner,13
740,3.30.470.20:partner-3.40.50.20:major_partner,13
742,2.40.40.20:partner-3.40.228.10:partner-3.40.50.740:partner,13
743,1.20.58.710:partner-3.40.710.10:major_partner,13
745,1.10.240.10:major_partner-3.40.50.620:partner,13
746,3.30.390.30:major_partner-3.50.50.60:partner,13
749,1.20.5.510:partner-1.20.5.700:major_partner,12
752,3.40.50.10380:partner-3.40.50.10380:partner-3.40.50.720:partner,12
753,3.30.465.10:partner-3.90.78.10:major_partner,12
754,3.40.50.450:major_partner-3.40.50.460:partner,12
757,1.10.4010.10:major_partner-1.10.4010.10:partner,12
759,3.40.50.10800:major_partner-3.40.50.10800:partner,12
760,3.40.50.1980:major_partner-3.40.50.1980:partner,12
761,3.40.50.2030:major_partner-3.40.50.2030:partner,12
762,3.40.50.1370:partner-3.40.50.1370:partner-3.40.50.1370:partner,12
763,3.30.360.50:partner-3.60.90.10:major_partner,12
764,2.20.130.10:partner-3.40.50.150:major_partner,12
766,1.10.275.10:partner-1.20.200.10:partner-1.20.200.10:partner,12
768,1.20.1270.50:partner-3.20.110.10:major_partner,12
771,3.30.1110.10:partner-3.40.1190.20:major_partner,12
772,1.10.40.40:partner-3.40.50.1000:major_partner,12
774,3.30.1780.10:partner-3.40.50.720:major_partner,12
775,3.30.1330.50:partner-3.30.1330.50:partner-3.30.1330.50:partner,12
778,3.10.50.10:partner-3.20.20.80:major_partner,12
779,2.170.8.10:partner-3.90.228.20:major_partner,12
781,1.20.1050.70:partner-3.40.50.300:major_partner,12
784,2.40.400.10:major_partner-2.40.400.10:partner,12
785,3.40.50.10380:major_partner-3.40.50.720:major_partner,11
787,3.40.440.10:major_partner-3.90.170.10:partner,11
788,1.20.1560.10:major_partner-1.20.1560.10:partner,11
789,1.20.1180.10:partner-2.160.10.10:major_partner-2.160.10.10:partner,11
790,3.40.640.10:major_partner-3.40.640.10:partner-3.90.1150.10:partner,11
793,3.30.1330.10:partner-3.90.650.10:major_partner,11
805,3.10.270.10:major_partner-3.10.270.10:major_partner,11
806,1.20.90.10:major_partner-1.20.90.10:partner,11
812,3.40.50.2000:major_partner-3.40.50.2000:major_partner,10
815,1.10.287.690:major_partner-3.90.1600.10:partner,10
817,3.30.1330.80:major_partner-3.30.1330.80:partner,10
818,3.30.1330.10:major_partner-3.30.1330.10:partner,10
819,3.40.50.1980:partner-3.40.50.1980:partner-3.40.50.1980:partner-3.40.50.1980:partner,10
820,3.20.20.70:major_partner-3.20.20.70:major_partner,10
821,3.40.50.11380:partner-3.40.50.2000:major_partner,10
826,1.10.390.10:partner-3.30.2010.30:major_partner,10
827,1.10.540.10:partner-1.20.140.10:partner-2.40.110.10:partner,10
828,3.30.365.10:major_partner-3.30.365.10:partner,10
829,3.30.70.360:major_partner-3.40.630.10:partner,10
830,3.30.465.10:partner-3.40.462.10:major_partner,10
833,1.10.1410.10:major_partner-3.30.460.10:partner,10
834,3.30.1160.10:major_partner-3.30.1160.10:partner,10
838,1.20.5.510:partner-1.20.810.10:major_partner,10
839,3.40.50.720:major_partner-3.40.50.720:major_partner,10
846,3.30.1360.120:partner-3.30.70.1400:major_partner,10
848,3.90.340.10:partner-3.90.440.10:major_partner,10
849,2.60.130.10:major_partner-6.10.10.40:partner,10
856,3.30.470.20:major_partner-3.40.50.1760:partner,9
858,1.10.3210.10:major_partner-1.10.3210.10:partner-1.10.3210.10:partner,9
873,3.30.980.20:major_partner-3.40.50.1000:partner,9
874,2.170.8.10:major_partner-3.40.449.10:partner,9
877,3.30.200.20:partner-3.90.1200.10:major_partner,9
881,1.10.287.1350:major_partner-3.40.50.150:partner,9
883,3.30.420.40:partner-3.30.420.570:major_partner,9
884,3.30.420.40:partner-3.90.640.10:major_partner,9
887,3.30.1300.20:major_partner-3.30.1300.20:partner,9
888,3.40.50.10830:partner-6.10.140.120:major_partner,9
891,3.40.1180.10:major_partner-3.40.1180.10:partner,8
893,3.30.470.20:major_partner-3.40.50.11950:partner,8
896,1.10.1670.10:major_partner-1.10.340.30:partner,8
897,3.40.1190.10:partner-3.40.50.720:major_partner,8
900,3.40.1450.10:major_partner-3.40.720.10:partner,8
902,1.10.620.20:major_partner-1.10.620.20:partner,8
904,1.10.3820.10:major_partner-1.10.3820.10:partner,8
909,3.30.540.10:major_partner-3.40.190.90:partner,8
912,3.40.50.1970:major_partner-3.40.50.1970:major_partner,8
914,3.20.20.60:major_partner-3.40.1380.20:partner,8
915,3.50.50.60:major_partner-3.90.660.60:partner,8
916,3.50.50.60:major_partner-3.90.700.10:major_partner,8
917,2.30.30.60:partner-2.30.30.60:partner-2.30.30.60:partner,8
919,3.40.50.10800:partner-3.40.50.10800:partner-3.40.50.10800:partner,8
921,1.10.1130.10:partner-1.10.3820.10:major_partner,8
923,3.30.70.3180:partner-3.30.70.3180:partner-6.10.140.450:partner,8
926,1.10.405.10:major_partner-3.90.660.10:major_partner,8
927,2.70.98.60:major_partner-3.20.20.70:partner,8
928,3.20.20.70:partner-3.20.20.80:major_partner,8
932,3.50.20.10:partner-4.10.510.10:major_partner,8
933,3.20.200.10:partner-3.30.200.20:major_partner,8
939,1.20.5.880:major_partner-3.10.680.10:partner,8
942,3.30.210.10:major_partner-3.30.460.10:partner,8
945,3.40.800.10:major_partner-3.40.800.10:partner,8
946,3.90.1230.10:major_partner-3.90.440.10:partner,8
947,3.20.14.10:major_partner-3.40.275.10:partner-3.40.50.1070:partner,8
949,3.40.50.1220:major_partner-3.40.50.970:partner,8
954,1.10.760.10:partner-1.20.210.10:major_partner,8
958,2.40.180.10:major_partner-2.40.180.10:partner,8
962,1.10.1200.270:partner-3.40.50.150:major_partner,8
963,1.10.1410.40:major_partner-3.30.460.90:partner,8
965,1.10.1270.20:partner-3.40.1280.10:major_partner,7
966,3.30.420.10:major_partner-3.30.420.10:major_partner,7
967,2.160.20.10:major_partner-2.160.20.10:partner,7
969,1.20.150.20:partner-3.40.50.300:major_partner,7
974,3.30.1330.10:major_partner-3.90.650.10:partner,7
975,1.10.472.20:partner-3.90.330.10:major_partner,7
980,1.10.530.10:major_partner-3.30.20.10:partner,7
982,1.10.590.10:major_partner-1.10.590.10:partner,7
983,3.30.1360.120:major_partner-3.30.70.1400:partner,7
987,3.40.50.300:major_partner-3.40.50.300:major_partner,7
988,3.10.129.10:major_partner-3.10.129.10:partner-3.10.129.10:partner,7
989,3.10.10.10:major_partner-3.30.70.270:partner,7
990,3.40.1190.20:major_partner-3.40.1190.20:major_partner,7
991,3.40.50.2020:partner-3.60.20.10:major_partner,7
992,1.10.3130.10:partner-2.160.10.10:major_partner,7
1000,2.60.40.10:major_partner-2.60.40.10:partner,7
1002,3.40.605.10:major_partner-3.40.605.10:major_partner,7
1003,1.10.1040.10:major_partner-1.20.5.320:partner-3.40.50.720:partner,7
1008,3.40.640.10:major_partner-3.90.1150.10:major_partner,7
1010,3.40.50.150:partner-3.40.50.720:major_partner,7
1011,1.20.5.170:partner-3.40.50.720:major_partner-3.40.50.720:partner,6
1012,1.20.1340.10:major_partner-3.40.640.10:partner,6
1013,3.30.310.50:partner-3.40.120.10:major_partner,6
1015,3.30.1490.50:major_partner-3.30.470.20:partner,6
1016,1.10.1140.10:partner-3.40.50.300:major_partner-3.40.50.300:partner,6
1018,1.10.600.10:major_partner-1.10.600.10:partner,6
1019,3.30.63.10:partner-3.40.50.300:major_partner,6
1021,1.20.59.10:major_partner-1.20.59.10:partner,6
1022,1.10.1200.30:partner-1.10.375.10:major_partner,6
1024,3.40.50.720:partner-3.40.50.720:partner-3.90.180.10:partner,6
1026,1.10.1130.10:major_partner-1.10.3820.10:partner-1.20.140.10:partner,6
1027,1.25.40.10:major_partner-1.25.40.10:partner,6
1028,3.40.50.1580:major_partner-3.40.50.1580:major_partner,6
1030,3.30.540.10:partner-3.40.190.90:major_partner,6
1031,3.30.465.10:major_partner-3.40.462.20:partner,6
1032,3.30.428.10:major_partner-3.30.428.10:partner,6
1033,1.10.1500.10:major_partner-3.40.710.10:partner,6
1034,3.30.70.250:partner-3.40.366.10:major_partner,6
1035,3.10.310.20:major_partner-3.90.1640.10:partner,6
1040,1.10.472.20:major_partner-3.90.330.10:partner,6
1042,3.40.50.360:major_partner-3.60.15.10:partner,6
1043,3.40.50.970:major_partner-3.40.50.970:major_partner,6
1044,1.10.760.10:partner-1.20.810.10:major_partner,6
1045,3.30.70.360:partner-3.30.70.360:partner-3.40.630.10:major_partner,6
1047,3.40.50.1360:major_partner-3.40.50.1360:partner,6
1048,2.70.98.10:partner-3.20.20.80:major_partner,6
1049,3.20.14.10:partner-3.40.50.1070:major_partner,6
1050,3.20.14.10:partner-3.40.275.10:partner-3.40.50.1070:partner,6
1051,3.40.220.10:major_partner-3.40.220.10:major_partner,6
1057,1.10.1410.10:partner-3.30.460.10:major_partner,6
1058,3.30.70.520:major_partner-3.30.70.520:partner,6
1059,1.20.1670.10:partner-1.20.1670.10:partner-1.20.1680.10:partner,6
1062,3.30.1490.70:major_partner-3.30.470.30:partner,6
1064,1.10.135.10:major_partner-3.30.590.10:partner,6
1066,3.30.2130.10:major_partner-3.30.70.260:partner,6
1067,3.20.20.70:major_partner-3.90.1170.20:partner,6
1068,3.30.43.10:partner-3.30.465.10:partner,6
1069,3.30.43.10:partner-3.30.465.10:partner-3.40.462.20:partner,6
1070,3.30.43.10:partner-3.30.465.10:major_partner-3.90.78.10:partner,6
1074,2.40.40.20:partner-3.40.50.740:partner,6
1077,3.30.70.3180:partner-3.30.70.3180:partner-3.30.70.3180:partner,6
1078,3.20.10.10:major_partner-3.30.470.10:partner-3.30.470.10:partner,6
1079,3.20.10.10:major_partner-3.30.470.10:major_partner,6
1082,3.30.1490.20:major_partner-3.30.470.20:major_partner,6
1085,1.20.120.1300:major_partner-3.40.50.720:partner,6
1087,1.20.1260.10:major_partner-1.20.1260.10:partner,6
1088,3.40.1160.10:partner-3.40.630.30:major_partner,6
1089,3.30.1110.20:major_partner-3.40.1190.20:partner,6
1090,3.20.19.10:partner-3.30.499.10:partner-3.30.499.10:partner,6
1091,2.102.10.10:partner-3.10.450.50:major_partner,6
1093,3.30.70.640:major_partner-3.30.70.640:partner,6
1094,3.30.70.420:partner-3.90.770.10:major_partner,6
1095,2.40.37.10:major_partner-2.40.37.10:partner,6
1096,1.10.287.980:major_partner-1.20.810.10:partner,6
1097,1.20.5.100:major_partner-1.20.5.270:partner-1.20.810.10:partner,6
1098,1.20.5.700:major_partner-1.20.810.10:partner,6
1105,3.30.1490.20:partner-3.40.50.720:major_partner,6
1106,3.40.50.720:major_partner-3.90.180.10:major_partner,6
1109,2.160.10.10:partner-3.90.550.10:major_partner,6
1110,2.30.26.10:major_partner-3.20.20.70:partner,6
1112,1.20.1280.120:major_partner-2.40.180.10:partner,6
1114,1.10.150.90:major_partner-1.10.150.90:partner,6
1116,1.10.1090.10:partner-3.30.830.10:major_partner,6
1119,3.30.420.40:major_partner-3.90.640.10:partner,6
1121,2.130.10.10:major_partner-2.130.10.10:partner,5
1123,2.102.10.10:partner-3.90.380.10:major_partner,5
1126,1.10.287.890:partner-3.40.50.300:major_partner,5
1129,3.30.9.10:major_partner-3.50.50.60:major_partner,5
1130,3.30.450.150:major_partner-3.30.450.150:partner,5
1132,3.30.70.2450:partner-3.50.50.60:major_partner,5
1133,3.40.250.10:partner-3.50.50.60:major_partner-3.50.50.60:partner,5
1137,3.20.20.20:major_partner-3.20.20.20:partner,5
1139,3.20.19.10:major_partner-3.30.499.10:partner,5
1140,3.10.129.10:major_partner-3.10.129.10:major_partner,5
1141,3.30.230.60:major_partner-3.30.230.60:partner,5
1142,1.10.3090.10:major_partner-3.30.460.10:partner,5
1147,2.170.8.10:partner-3.40.449.10:major_partner,5
1150,2.60.40.1180:partner-3.20.20.80:major_partner,5
1151,2.102.20.10:partner-3.20.20.80:major_partner,5
1153,3.60.21.10:partner-3.90.780.10:major_partner,5
1154,1.50.10.10:partner-2.170.160.10:major_partner,5
1155,1.10.275.10:major_partner-1.20.200.10:partner-1.20.200.10:partner,5
1157,3.40.50.1240:major_partner-3.40.50.1240:partner,5
1158,3.10.310.10:major_partner-3.10.310.10:major_partner,5
1159,3.30.420.40:partner-3.30.420.40:partner-6.10.10.60:partner,5
1160,3.30.420.40:partner-3.30.420.40:partner-3.30.420.40:partner,5
1161,2.115.10.20:major_partner-2.115.10.20:partner,5
1162,3.30.410.10:partner-3.50.50.60:major_partner,5
1164,3.30.420.40:major_partner-3.30.420.40:major_partner,5
1165,3.30.420.150:partner-3.30.420.40:major_partner,5
1168,3.30.70.270:major_partner-3.30.70.270:major_partner,5
1170,3.40.50.10890:major_partner-3.60.15.10:partner,5
1171,1.10.390.10:partner-1.25.50.10:major_partner,5
1179,3.20.14.10:major_partner-3.40.275.10:partner,5
1181,1.10.1040.10:major_partner-1.10.1040.10:partner,5
1182,3.20.20.330:major_partner-3.20.20.330:partner,5
1183,2.40.128.150:partner-3.30.2140.10:major_partner,5
1187,3.40.50.450:major_partner-3.40.50.460:major_partner,5
1188,3.40.228.10:partner-3.40.50.740:major_partner,5
1191,2.60.40.1180:partner-3.20.20.70:major_partner,5
1194,2.40.30.90:major_partner-3.40.50.10790:major_partner,5
1195,3.40.50.12240:partner-3.40.50.300:major_partner,5
1196,1.10.1040.10:major_partner-3.40.50.720:partner-3.40.50.720:partner,4
1198,3.40.50.10470:major_partner-3.40.50.10470:major_partner,4
1200,3.30.360.10:major_partner-3.30.360.10:partner,4
1202,1.20.1180.10:partner-2.160.10.10:partner-2.160.10.10:partner,4
1206,1.20.5.510:major_partner-2.60.40.830:partner,4
1209,3.40.50.450:partner-3.40.50.460:major_partner,4
1210,1.10.540.10:major_partner-1.20.140.10:partner,4
1211,3.40.50.10240:major_partner-3.40.50.10240:partner,4
1212,2.60.120.320:major_partner-3.40.50.10240:partner,4
1217,1.10.287.470:partner-3.40.50.10150:major_partner,4
1218,1.20.1370.20:partner-3.40.50.880:major_partner,4
1219,2.120.10.10:major_partner-2.60.40.10:major_partner,4
1222,3.30.1370.60:major_partner-3.30.1370.60:partner,4
1223,1.10.760.10:partner-1.20.5.100:major_partner,4
1225,3.40.50.1000:partner-3.90.1070.10:major_partner,4
1227,3.40.50.80:major_partner-3.40.50.80:partner,4
1228,3.10.180.10:major_partner-4.10.1270.10:partner,4
1230,1.10.1530.10:partner-3.30.1370.60:partner-3.30.1370.60:partner,4
1231,1.10.3210.10:partner-1.10.3210.10:partner,4
1234,1.10.1160.10:major_partner-3.40.50.620:partner,4
1235,3.40.309.10:major_partner-3.40.605.10:major_partner,4
1236,2.40.33.10:partner-3.20.20.60:major_partner,4
1239,3.60.15.10:major_partner-3.60.15.10:partner,4
1240,1.10.275.10:major_partner-1.20.200.10:major_partner,4
1243,3.30.70.1230:partner-3.30.70.270:major_partner,4
1244,3.30.1240.20:major_partner-3.40.50.1000:partner,4
1245,3.20.20.300:major_partner-3.40.50.1700:partner,4
1250,3.30.420.40:partner-3.40.367.20:partner-3.40.367.20:partner,4
1251,3.30.420.40:major_partner-6.10.10.60:partner,4
1252,3.30.9.90:partner-3.50.50.60:major_partner,4
1253,1.10.210.20:major_partner-3.40.50.1820:partner,4
1254,2.60.200.30:major_partner-3.40.50.10330:major_partner,4
1255,3.20.10.10:major_partner-3.20.10.10:partner,4
1257,3.30.70.3180:partner-3.30.70.3180:partner,4
1259,3.40.50.10860:major_partner-3.40.50.10860:partner,4
1260,3.30.1330.160:partner-3.30.1330.170:major_partner,4
1261,1.10.1470.20:major_partner-3.40.50.1820:partner,4
1262,3.30.2020.30:major_partner-3.60.130.10:partner,4
1263,3.40.1080.10:major_partner-3.40.1080.10:partner,4
1265,3.30.540.10:major_partner-3.30.540.10:major_partner,4
1266,3.30.540.10:major_partner-3.40.190.80:partner,4
1267,3.30.390.50:major_partner-3.30.465.10:partner,4
1268,3.40.1190.10:partner-3.40.1390.10:major_partner-3.90.190.20:partner,4
1270,3.30.60.30:major_partner-3.50.20.10:partner,4
1271,3.50.20.10:major_partner-4.10.510.10:major_partner,4
1272,3.40.50.10750:major_partner-3.40.50.10950:partner,4
1275,1.20.990.10:partner-2.40.30.10:major_partner,4
1276,2.40.30.10:major_partner-3.40.50.80:partner-3.40.50.80:partner,4
1279,3.40.1700.10:major_partner-3.40.1700.10:partner,4
1281,3.50.80.10:major_partner-3.50.80.10:partner,4
1284,1.20.120.670:partner-3.20.20.80:major_partner,4
1286,3.30.300.10:partner-3.30.300.280:partner-3.30.300.340:major_partner,4
1287,3.90.79.10:major_partner-3.90.79.10:major_partner,4
1288,1.20.930.40:partner-3.40.630.10:major_partner-3.50.30.30:partner,4
1289,1.20.930.40:partner-3.40.630.10:major_partner,4
1296,1.10.287.860:partner-3.30.460.10:major_partner,4
1297,3.30.210.10:major_partner-3.30.460.10:major_partner,4
1298,1.10.110.30:partner-3.30.460.10:major_partner,4
1301,3.40.50.10380:partner-3.40.50.10380:partner-3.40.50.720:major_partner,4
1302,1.20.5.320:partner-3.40.50.720:major_partner,4
1303,3.40.50.1480:partner-3.40.50.1480:partner-3.40.50.720:major_partner,4
1304,1.20.5.100:partner-3.40.50.720:major_partner,4
1306,3.30.160.270:major_partner-3.30.160.270:partner,4
1308,2.60.200.30:partner-3.40.50.10330:major_partner,4
1311,2.30.26.10:major_partner-3.20.20.70:major_partner,4
1313,1.10.238.10:major_partner-3.40.50.300:partner,4
1314,1.10.1060.10:major_partner-1.20.1300.10:partner,4
1316,1.20.840.10:major_partner-1.20.840.10:major_partner,4
1319,1.10.1060.10:partner-1.20.1300.10:partner-1.20.1300.10:partner,4
1321,3.90.226.10:major_partner-6.10.250.170:partner,4
1322,3.20.20.140:major_partner-4.10.800.20:partner,4
1323,1.20.5.510:partner-1.20.810.10:partner-2.60.40.830:partner,4
1324,1.20.5.510:partner-1.20.5.700:major_partner-1.20.5.700:partner,4
1325,3.30.230.10:major_partner-3.30.70.3170:partner,4
1327,1.20.1390.20:partner-1.25.10.10:partner-3.40.50.300:partner,4
1328,1.20.5.510:major_partner-1.20.810.10:partner,4
1329,1.20.5.700:major_partner-1.20.5.700:partner-1.20.810.10:partner,4
1332,1.10.439.10:partner-3.60.20.10:major_partner,4
1333,3.40.50.11380:major_partner-3.40.50.2000:partner,4
1335,1.10.238.70:major_partner-3.40.50.300:partner,4
1337,3.40.800.20:major_partner-3.40.800.20:partner,4
1338,3.20.20.150:major_partner-3.20.20.150:partner,4
1340,1.10.3090.10:partner-3.30.460.10:major_partner,4
1341,3.30.310.50:major_partner-3.40.120.10:partner,4
1346,1.20.1180.10:partner-2.160.10.10:major_partner,3
1347,2.160.10.10:partner-3.40.50.20:major_partner,3
1348,3.40.640.10:partner-4.10.280.50:major_partner,3
1350,3.40.640.10:partner-3.40.640.10:partner-3.90.1150.10:major_partner,3
1351,3.40.640.10:major_partner-3.40.640.10:major_partner,3
1358,2.40.30.20:major_partner-2.40.30.20:partner,3
1361,3.40.109.10:major_partner-3.40.109.10:major_partner,3
1363,3.30.1490.220:major_partner-3.30.470.20:partner,3
1369,1.10.10.10:partner-3.40.50.150:major_partner,3
1370,1.20.1670.10:major_partner-1.20.1680.10:partner,3
1375,2.40.37.10:partner-3.20.20.10:major_partner,3
1377,3.20.20.60:major_partner-3.40.1380.20:major_partner,3
1378,1.20.58.1560:partner-3.20.20.60:major_partner,3
1380,2.70.98.20:partner-3.10.450.40:major_partner,3
1382,1.25.40.20:major_partner-2.10.110.10:partner,3
1385,3.30.1700.10:major_partner-3.30.230.20:partner,3
1391,3.40.50.11610:major_partner-3.40.50.12470:partner,3
1392,2.160.20.10:major_partner-2.160.20.10:major_partner,3
1393,2.60.40.180:major_partner-2.60.40.180:major_partner,3
1395,3.30.1330.10:major_partner-3.30.1330.10:partner-3.90.650.10:partner,3
1398,2.60.40.1180:major_partner-3.20.20.80:partner,3
1399,1.20.58.460:partner-3.20.20.80:major_partner,3
1400,2.30.38.10:partner-3.40.50.980:major_partner,3
1401,2.30.42.10:major_partner-2.30.42.10:partner-2.30.42.10:partner,3
1402,2.30.42.10:partner-2.30.42.10:partner-2.30.42.10:partner,3
1404,3.30.2130.10:partner-3.30.70.260:major_partner,3
1405,2.102.10.10:major_partner-3.90.380.10:partner,3
1406,2.102.10.10:major_partner-3.90.380.10:major_partner,3
1409,2.60.40.10:partner-3.20.20.80:major_partner,3
1410,2.70.150.10:partner-3.40.1110.10:major_partner,3
1411,1.20.120.550:major_partner-1.20.120.550:major_partner,3
1413,3.40.1520.10:major_partner-3.40.1520.10:partner,3
1414,3.40.50.10230:major_partner-3.40.50.10230:major_partner,3
1415,2.20.28.200:partner-3.40.50.1220:major_partner,3
1416,3.30.110.120:partner-3.90.870.30:major_partner,3
1417,2.40.160.10:major_partner-2.40.160.10:partner,3
1419,2.30.40.10:partner-3.20.20.140:major_partner,3
1420,3.30.420.590:partner-3.40.630.190:major_partner,3
1421,2.40.40.20:major_partner-3.40.50.740:partner,3
1422,1.10.700.10:partner-3.40.830.10:major_partner,3
1424,3.30.420.40:partner-3.30.420.40:partner-3.30.420.510:partner-6.10.10.60:partner,3
1426,3.30.1540.10:partner-3.40.50.10540:major_partner,3
1427,1.10.150.340:major_partner-3.40.50.1000:partner,3
1428,1.10.150.240:major_partner-3.40.50.1000:major_partner,3
1429,3.20.14.10:major_partner-3.40.50.1070:partner,3
1431,3.30.420.40:major_partner-3.40.367.20:major_partner,3
1432,3.60.10.10:major_partner-3.60.10.10:partner,3
1433,1.20.970.10:major_partner-3.40.1030.10:partner,3
1435,3.30.470.20:partner-3.40.50.11950:major_partner,3
1436,3.20.20.210:major_partner-3.20.20.210:partner,3
1438,3.40.50.2020:major_partner-3.60.20.10:partner,3
1439,1.20.140.10:partner-1.20.140.10:partner-1.20.140.10:partner,3
1440,3.40.1010.20:partner-3.40.50.11270:major_partner,3
1441,3.20.14.10:major_partner-3.40.275.10:major_partner,3
1444,1.10.630.10:major_partner-3.30.43.20:partner,3
1445,3.30.1490.70:partner-3.30.470.30:major_partner,3
1446,3.30.470.30:major_partner-4.10.87.10:partner,3
1448,3.40.47.10:major_partner-3.40.47.10:major_partner,3
1450,3.10.450.10:major_partner-3.10.450.10:partner,3
1451,3.40.1190.10:partner-3.40.1390.10:major_partner,3
1453,3.30.465.10:partner-3.30.70.2520:major_partner,3
1454,3.40.50.11110:major_partner-3.40.50.11120:partner,3
1456,3.30.572.10:major_partner-3.30.572.10:partner,3
1457,3.30.1130.10:major_partner-3.30.1130.10:major_partner,3
1458,2.160.10.10:partner-2.160.10.10:partner-3.40.50.20:major_partner,3
1461,3.40.50.720:partner-3.90.25.40:major_partner,3
1464,1.10.1070.20:partner-3.30.200.120:major_partner,3
1466,2.160.10.10:partner-3.40.1390.10:major_partner,3
1467,3.40.50.12240:major_partner-3.40.50.12240:partner,3
1471,3.10.600.10:partner-3.30.470.20:partner-3.40.50.20:partner,3
1472,3.40.1360.10:partner-3.90.980.10:major_partner,3
1474,3.10.680.10:major_partner-3.30.2050.10:partner,3
1480,3.40.50.720:partner-3.50.50.60:major_partner,2
1496,3.30.70.1390:partner-3.40.50.300:major_partner,2
1497,1.10.506.10:partner-3.40.50.300:major_partner,2
1498,1.10.287.1010:partner-2.60.120.10:major_partner,2
1502,1.20.120.260:partner-3.40.50.300:major_partner,2
1503,3.30.1360.170:partner-3.30.1360.170:partner,2
1504,3.30.1360.170:major_partner-3.30.1360.170:major_partner,2
1505,3.30.420.530:partner-3.30.420.540:major_partner,2
1509,3.30.2130.10:major_partner-3.30.2130.10:partner,2
1510,1.20.1560.10:major_partner-1.20.1560.10:major_partner,2
1513,1.10.780.10:major_partner-1.20.850.10:major_partner,2
1516,1.10.8.10:partner-3.40.50.150:major_partner,2
1517,3.30.160.340:major_partner-3.30.160.740:partner,2
1519,3.30.70.670:partner-3.30.990.10:major_partner,2
1520,1.10.3420.10:major_partner-1.10.3420.10:partner,2
1521,3.30.470.20:major_partner-6.20.290.20:major_partner,2
1522,3.30.470.20:major_partner-3.40.50.20:major_partner,2
1524,1.10.1410.40:partner-3.30.460.90:major_partner,2
1525,3.30.1050.30:partner-3.40.50.150:major_partner-3.40.50.150:partner,2
1526,3.30.470.20:partner-3.40.50.1760:major_partner,2
1527,3.30.1490.220:partner-3.30.470.20:major_partner,2
1529,3.90.1260.10:major_partner-3.90.1260.10:partner,2
1536,2.60.200.40:partner-3.40.50.10330:major_partner,2
1540,1.20.141.10:major_partner-3.30.386.10:partner,2
1545,2.40.33.10:major_partner-3.20.20.60:partner,2
1546,2.40.33.10:major_partner-3.20.20.60:major_partner,2
1547,3.20.20.60:partner-3.20.20.60:partner-3.20.20.60:partner,2
1549,3.40.50.150:major_partner-3.55.20.10:partner,2
1550,3.30.300.110:partner-3.40.50.150:major_partner,2
1556,1.20.1670.10:partner-1.20.1680.10:major_partner,2
1558,2.40.37.10:major_partner-3.20.20.10:partner,2
1559,2.40.37.10:partner-2.40.37.10:partner-3.20.20.10:major_partner,2
1561,3.30.2240.10:partner-3.30.428.10:major_partner,2
1562,3.30.1330.10:partner-3.30.1330.10:partner-3.30.70.1670:partner,2
1563,3.30.200.40:partner-3.30.428.10:major_partner,2
1564,3.30.70.1230:major_partner-3.30.70.1230:major_partner,2
1567,1.20.5.1300:partner-3.40.50.1980:major_partner,2
1572,3.30.70.250:major_partner-3.40.366.10:partner,2
1573,1.10.240.10:major_partner-3.40.50.620:major_partner,2
1574,2.20.28.290:partner-3.40.50.620:major_partner,2
1575,3.30.1300.10:major_partner-3.40.50.620:partner,2
1576,3.30.300.10:major_partner-3.40.50.620:partner,2
1577,1.10.10.1140:major_partner-3.40.50.620:partner-3.40.50.620:partner,2
1579,3.40.720.10:major_partner-3.40.720.10:partner,2
1580,3.30.1120.170:partner-3.40.720.10:major_partner,2
1581,2.70.98.20:major_partner-2.70.98.20:major_partner,2
1582,3.40.50.1820:major_partner-3.40.50.1820:major_partner,2
1583,1.10.1090.10:major_partner-3.30.830.10:partner,2
1585,3.30.70.3180:major_partner-6.10.140.450:partner,2
1589,3.30.800.10:partner-3.30.810.10:major_partner,2
1591,3.10.20.70:partner-3.30.590.10:major_partner,2
1592,1.10.230.10:partner-1.10.580.10:partner-1.10.580.10:partner,2
1594,3.30.470.10:major_partner-3.30.470.10:partner,2
1595,3.30.559.10:partner-3.30.559.70:major_partner,2
1597,3.40.140.80:partner-3.40.50.20:major_partner,2
1599,1.10.4100.10:major_partner-3.30.1330.120:partner,2
1600,1.10.1040.10:major_partner-1.20.5.320:partner,2
1601,3.20.10.10:partner-3.20.10.10:partner-3.20.10.10:partner,2
1604,3.30.390.30:partner-3.50.50.60:major_partner-3.50.50.60:partner,2
1605,3.30.70.360:partner-3.30.70.360:partner-3.40.630.10:partner,2
1606,2.102.20.10:partner-2.60.390.10:partner-3.20.20.80:major_partner,2
1607,3.20.20.80:major_partner-3.20.20.80:partner,2
1608,1.10.10.760:major_partner-3.20.20.80:major_partner,2
1609,3.10.50.10:major_partner-3.20.20.80:partner,2
1611,1.10.10.60:major_partner-1.10.10.60:partner,2
1612,3.30.230.10:partner-3.30.70.890:major_partner,2
1613,3.50.50.60:major_partner-3.90.660.10:major_partner,2
1614,3.30.9.20:partner-3.50.50.60:major_partner,2
1615,3.40.30.10:partner-3.50.50.60:major_partner,2
1616,3.50.50.60:major_partner-3.50.50.60:major_partner,2
1617,3.30.560.10:partner-3.50.50.60:major_partner,2
1618,2.40.40.20:major_partner-2.40.40.20:major_partner,2
1621,3.30.300.10:partner-3.30.300.340:major_partner,2
1622,3.30.300.10:partner-3.30.300.10:partner-3.30.300.10:partner,2
1623,3.30.300.10:major_partner-3.30.300.10:partner-3.30.300.10:partner-3.30.300.10:partner,2
1624,1.10.420.10:major_partner-1.10.520.10:major_partner,2
1626,3.10.25.10:partner-3.40.50.170:major_partner,2
1628,3.40.190.10:partner-3.40.190.270:major_partner,2
1629,3.90.79.10:major_partner-4.10.80.100:partner,2
1630,3.30.300.30:partner-3.40.50.980:major_partner,2
1631,3.30.1510.10:major_partner-3.30.1510.10:partner,2
1632,2.40.10.250:major_partner-2.40.10.250:major_partner,2
1633,3.90.1230.10:major_partner-3.90.340.10:partner,2
1635,3.90.1230.10:partner-3.90.440.10:major_partner,2
1643,1.20.1050.10:partner-1.20.1050.10:partner-3.40.30.10:partner,2
1644,1.10.720.60:partner-3.40.50.1000:major_partner,2
1645,3.40.1110.10:partner-3.40.50.1000:major_partner,2
1646,3.30.1240.10:partner-3.40.50.1000:major_partner,2
1647,3.30.70.270:major_partner-3.40.50.2300:partner,2
1652,1.20.5.700:partner-1.20.810.10:major_partner,2
1653,1.20.5.510:major_partner-1.20.5.700:partner,2
1654,3.30.300.30:major_partner-3.40.50.12780:partner,2
1655,1.10.1200.10:partner-3.30.300.30:partner-3.40.50.12780:major_partner,2
1657,1.10.287.980:major_partner-1.20.810.10:major_partner,2
1658,1.10.287.980:partner-1.20.810.10:major_partner,2
1659,1.20.5.510:major_partner-1.20.5.700:partner-1.20.810.10:partner,2
1660,1.20.5.510:partner-1.20.5.700:partner-1.20.810.10:partner,2
1663,1.10.3270.10:partner-3.30.70.420:partner-3.90.770.10:major_partner,2
1664,1.10.300.10:major_partner-3.40.440.10:major_partner,2
1667,3.20.20.120:major_partner-3.30.390.10:major_partner,2
1668,3.20.70.20:major_partner-3.20.70.20:major_partner,2
1669,3.30.1370.60:major_partner-3.30.60.50:partner,2
1670,2.60.120.200:major_partner-2.60.120.200:partner,2
1671,3.30.465.10:partner-3.40.462.20:major_partner,2
1672,3.30.465.10:major_partner-3.90.78.10:partner,2
1673,3.30.43.10:major_partner-3.30.465.10:partner-3.40.462.20:partner,2
1674,3.30.390.50:partner-3.30.465.10:major_partner,2
1676,1.10.150.20:partner-3.40.50.1010:major_partner,2
1677,3.10.340.11:partner-3.30.1030.10:major_partner,2
1679,1.10.1530.10:partner-3.30.1370.60:major_partner,2
1680,3.30.43.10:partner-3.30.465.10:partner-3.90.78.10:partner,2
1682,3.30.54.20:partner-3.30.980.10:major_partner,2
1683,1.10.1410.10:major_partner-3.30.460.50:partner,2
1685,2.40.30.10:major_partner-3.10.20.30:partner-3.40.50.80:partner,2
1687,1.10.490.10:partner-2.40.30.10:major_partner-3.40.50.80:partner,2
1688,3.40.50.10540:major_partner-3.40.50.10540:partner,2
1690,3.30.40.230:partner-3.30.930.10:major_partner,2
1692,1.20.1050.10:major_partner-1.20.1050.10:partner,2
1696,3.90.1720.10:major_partner-3.90.1720.10:partner,2
1698,1.10.287.690:major_partner-3.90.1600.10:major_partner,2
1699,3.30.310.50:partner-3.40.120.10:major_partner-3.40.120.10:partner,2
1700,3.40.120.10:major_partner-3.40.120.10:partner,2
1701,2.160.10.10:major_partner-2.160.10.10:partner-2.160.10.10:partner,2
1702,2.160.10.10:major_partner-2.160.10.10:major_partner,2
1703,2.130.10.10:major_partner-4.10.940.10:partner,2
1704,2.130.10.10:partner-4.10.940.10:major_partner,2
1705,2.130.10.10:major_partner-2.60.30.10:major_partner,2
1707,3.30.460.10:major_partner-3.30.460.10:partner,2
1708,1.10.1410.20:partner-3.30.460.10:major_partner,2
1712,1.50.10.10:major_partner-2.70.98.40:partner,2
1713,1.50.10.10:major_partner-4.10.870.10:partner,2
1714,1.10.390.10:major_partner-3.30.2010.30:major_partner,2
1716,3.40.50.10710:major_partner-3.60.15.10:partner,2
1717,1.10.1200.10:partner-3.40.47.10:partner-3.40.47.10:partner,2
1718,1.20.140.10:partner-2.40.110.10:partner,2
1719,3.20.20.370:major_partner-3.20.20.370:partner,2
1722,3.40.50.450:partner-3.40.50.450:partner-3.40.50.460:partner,2
1725,3.30.60.30:major_partner-3.50.20.10:major_partner,2
1727,1.50.10.130:major_partner-1.50.10.160:partner,2
1728,2.60.120.260:major_partner-2.60.120.260:partner,2
1729,2.60.40.10:major_partner-3.30.500.10:partner,2
1730,1.10.1070.11:partner-3.30.1010.10:major_partner,2
1732,1.20.970.10:partner-3.40.1030.10:major_partner,2
1733,1.20.970.50:partner-3.40.1030.10:major_partner,2
1734,3.50.50.100:major_partner-3.50.50.100:partner,2
1735,3.30.200.150:major_partner-3.90.1200.10:partner,2
1736,3.40.1010.20:partner-3.40.1010.20:partner-3.40.50.11270:major_partner,2
1738,1.10.760.10:major_partner-3.90.760.10:partner,2
1739,3.40.718.10:major_partner-3.40.718.10:major_partner,2
1740,3.30.420.360:partner-3.30.420.40:major_partner,2
1741,3.30.420.40:major_partner-3.30.420.40:partner-6.10.10.60:partner,2
1742,3.30.420.40:partner-3.30.420.40:partner-3.90.640.10:major_partner,2
1743,3.30.420.40:partner-6.10.10.60:major_partner,2
1745,3.40.50.720:major_partner-3.40.50.720:partner-3.40.50.720:partner,2
1746,3.40.50.10860:partner-3.40.50.10860:partner-3.40.50.720:partner,2
1747,1.10.1040.50:major_partner-3.40.50.720:partner,2
1748,3.40.50.720:major_partner-6.10.240.10:partner,2
1749,1.20.1370.20:major_partner-2.40.180.10:partner,2
1750,3.40.50.10860:partner-3.40.50.720:partner-3.40.50.720:partner,2
1751,3.40.50.261:partner-3.40.50.720:major_partner,2
1752,3.20.20.70:major_partner-3.50.50.60:partner,2
1753,3.20.20.70:major_partner-3.40.50.1100:major_partner,2
1754,2.70.98.60:partner-3.20.20.70:major_partner,2
1755,2.40.30.10:major_partner-3.40.50.300:partner,2
1756,1.20.120.920:major_partner-1.20.120.920:partner,2
1758,1.20.5.100:major_partner-1.20.5.270:major_partner,2
1762,3.90.1170.40:major_partner-3.90.1170.40:partner,2
1763,1.20.245.10:major_partner-4.10.372.10:partner,2
1767,3.40.50.11820:partner-3.40.50.12580:major_partner,2
1770,3.40.190.160:major_partner-3.40.190.160:partner,2
1774,3.30.470.20:major_partner-3.40.50.720:partner,1
1780,1.10.238.220:partner-1.10.238.230:major_partner,1
1781,3.30.160.750:major_partner-3.30.360.110:partner,1
1784,3.30.1330.40:major_partner-3.30.1330.40:major_partner,1
1788,3.90.470.20:major_partner-3.90.470.20:major_partner,1
1790,1.10.287.3610:major_partner-1.10.287.3610:partner,1
1791,1.10.405.40:partner-3.90.660.10:major_partner,1
1792,3.40.50.10090:major_partner-3.40.50.10090:partner,1
1794,3.40.50.1370:major_partner-3.40.50.1370:major_partner,1
1797,1.10.472.20:major_partner-3.90.330.10:major_partner,1
1800,2.70.40.10:major_partner-2.70.40.10:partner-2.70.40.10:partner,1
1801,2.70.40.10:major_partner-2.70.40.10:major_partner,1
1802,3.30.1760.10:major_partner-3.90.1530.10:major_partner,1
1803,3.30.1760.10:major_partner-3.90.1530.10:partner,1
1804,3.90.850.10:major_partner-3.90.850.10:partner,1
1807,1.10.8.1060:major_partner-1.10.8.1060:partner,1
1811,1.20.59.10:major_partner-1.20.59.10:major_partner,1
1812,3.40.50.10800:major_partner-3.40.50.10800:partner-3.40.50.10800:partner,1
1815,3.30.1490.20:partner-3.30.470.20:partner-3.40.50.20:partner,1
1816,2.30.140.10:major_partner-3.40.50.150:partner,1
1817,3.40.50.150:major_partner-3.40.50.150:major_partner,1
1818,3.40.50.150:major_partner-3.40.50.150:partner,1
1823,3.40.120.10:major_partner-3.40.120.10:partner-3.40.120.10:partner,1
1824,3.30.310.50:major_partner-3.40.120.10:partner-3.40.120.10:partner,1
1825,3.30.70.1690:partner-3.90.190.10:major_partner,1
1826,2.160.10.10:major_partner-3.90.550.10:partner,1
1831,1.20.120.330:major_partner-3.30.460.10:partner,1
1832,1.10.110.30:major_partner-3.30.460.10:major_partner,1
1833,1.10.1410.20:major_partner-3.30.460.10:partner,1
1834,1.10.1410.30:major_partner-3.30.460.10:partner,1
1836,3.40.50.1100:partner-3.90.1380.10:major_partner,1
1837,3.40.50.1100:major_partner-3.40.50.1100:major_partner,1
1841,1.20.1270.50:partner-2.70.98.30:partner-3.20.110.10:major_partner,1
1842,1.20.1270.50:major_partner-1.20.1270.50:partner-2.70.98.30:partner,1
1845,3.30.310.50:partner-3.40.120.10:partner-3.40.120.10:partner,1
1846,1.20.120.330:partner-3.30.460.10:major_partner,1
1847,1.10.490.60:major_partner-3.30.70.1600:partner,1
1850,3.40.50.10710:partner-3.60.15.10:major_partner,1
1851,3.40.50.10890:partner-3.60.15.10:major_partner,1
1853,1.10.390.10:major_partner-2.60.40.1730:partner,1
1854,1.50.10.100:major_partner-2.70.98.70:partner,1
1855,3.30.1110.20:partner-3.40.1190.20:major_partner,1
1856,3.40.50.2020:major_partner-3.40.50.2020:major_partner,1
1857,2.170.270.10:major_partner-2.170.270.10:partner,1
1858,3.30.1490.70:major_partner-3.30.470.30:major_partner,1
1859,1.10.287.610:partner-3.30.1490.70:partner-3.30.470.30:partner,1
1860,1.10.287.610:partner-3.30.470.30:major_partner,1
1861,2.120.10.10:major_partner-2.120.10.10:partner,1
1862,2.60.40.10:partner-3.20.20.300:major_partner,1
1863,1.10.287.1080:major_partner-1.10.287.1080:partner,1
1864,3.30.54.20:major_partner-3.30.980.10:partner,1
1866,2.40.50.110:major_partner-2.40.50.110:partner,1
1869,3.30.465.10:partner-3.30.70.2520:major_partner-3.30.70.2530:partner,1
1870,3.30.540.10:major_partner-3.40.190.80:major_partner,1
1871,3.30.930.10:major_partner-3.30.930.10:partner,1
1872,2.30.30.100:partner-3.30.930.10:major_partner,1
1873,1.20.1050.10:major_partner-1.20.1050.10:major_partner,1
1874,1.10.3720.10:major_partner-1.10.3720.10:partner,1
1877,3.30.1540.10:partner-3.40.50.10540:major_partner-3.40.50.10540:partner,1
1879,3.30.70.3550:major_partner-3.40.630.70:partner,1
1885,3.20.20.140:major_partner-3.30.1490.130:partner,1
1886,1.10.150.650:major_partner-3.20.20.140:partner,1
1888,3.40.1110.10:major_partner-3.40.50.1000:major_partner,1
1889,1.10.150.210:partner-3.40.50.1000:major_partner,1
1890,3.10.10.10:partner-3.10.10.10:partner-3.30.70.270:partner,1
1891,3.30.70.270:major_partner-3.40.50.2300:major_partner,1
1892,3.30.70.270:major_partner-6.10.250.1490:partner,1
1893,3.10.10.10:major_partner-3.30.70.270:major_partner,1
1899,3.40.50.10740:major_partner-3.50.30.60:partner,1
1900,1.20.1290.10:major_partner-1.20.1290.10:partner,1
1903,1.10.287.1250:major_partner-3.40.367.20:partner,1
1904,3.30.950.10:partner-3.40.1010.10:major_partner,1
1908,3.30.110.120:major_partner-3.90.870.30:partner,1
1910,3.30.1490.80:major_partner-3.40.50.1760:partner,1
1911,2.60.120.260:major_partner-3.20.20.300:partner,1
1913,2.60.40.10:major_partner-3.20.20.300:partner,1
1914,1.10.3270.10:partner-3.90.770.10:major_partner,1
1916,3.20.19.10:major_partner-3.30.499.10:partner-3.30.499.10:partner,1
1918,3.40.50.2030:major_partner-3.40.970.20:partner,1
1920,3.20.20.470:partner-3.20.20.80:major_partner,1
1921,3.30.230.10:partner-3.90.175.10:major_partner,1
1922,1.10.405.40:partner-3.50.50.60:partner-3.90.660.10:major_partner,1
1923,2.60.120.260:partner-2.60.120.260:partner-3.20.20.80:partner,1
1924,3.10.50.10:major_partner-3.20.20.80:major_partner,1
1927,2.10.270.10:major_partner-2.10.270.10:partner,1
1928,3.30.365.10:major_partner-3.30.365.10:major_partner,1
1929,3.30.1330.10:partner-3.30.1330.10:partner-3.90.650.10:partner,1
1931,3.30.410.40:major_partner-3.50.50.60:major_partner,1
1932,3.30.390.30:partner-3.50.50.60:partner-3.50.50.60:partner,1
1933,3.30.410.40:partner-3.50.50.60:major_partner,1
1934,2.40.270.10:major_partner-2.40.40.20:partner,1
1935,2.40.40.10:partner-2.60.40.760:major_partner,1
1936,2.40.40.10:partner-2.40.40.10:partner-2.60.40.760:partner-2.60.40.760:partner,1
1937,3.40.190.10:major_partner-3.40.190.10:major_partner,1
1938,3.30.160.40:partner-3.40.190.10:partner-3.40.190.10:partner,1
1940,3.40.80.10:major_partner-3.40.80.10:partner,1
1945,3.40.50.12500:major_partner-3.40.50.12500:partner,1
1948,3.10.20.340:partner-3.60.70.12:major_partner,1
1949,2.170.8.10:major_partner-3.40.449.10:major_partner,1
1950,3.30.70.360:major_partner-3.30.70.360:major_partner,1
1953,2.160.20.10:major_partner-2.60.40.1180:partner,1
1954,1.10.3020.10:major_partner-3.40.50.1820:partner,1
1955,1.10.3020.10:partner-3.40.50.1820:major_partner,1
1956,1.10.210.20:partner-3.40.50.1820:major_partner,1
1957,1.10.3020.10:major_partner-3.40.50.1820:major_partner,1
1958,3.30.1360.110:partner-3.40.720.10:major_partner,1
1961,3.10.10.20:major_partner-3.30.70.2630:partner,1
1962,1.20.58.310:partner-3.30.870.10:major_partner,1
1964,3.30.750.180:major_partner-3.60.21.40:partner,1
1967,1.10.1200.10:partner-3.90.470.20:partner-3.90.470.20:partner,1
1968,3.40.50.2300:major_partner-3.40.50.2300:partner,1
1970,3.30.1330.50:major_partner-3.30.1330.50:major_partner,1
1971,1.10.230.10:major_partner-1.10.580.10:major_partner,1
1972,1.10.230.10:major_partner-1.10.580.10:partner-1.10.580.10:partner,1
1974,3.40.50.12470:major_partner-3.40.50.970:partner,1
1978,1.10.590.10:major_partner-1.10.590.10:major_partner,1
1979,3.40.250.10:major_partner-3.40.250.10:partner,1
1981,1.10.1040.10:major_partner-1.20.5.320:major_partner,1
1985,1.10.10.2150:partner-3.40.50.150:major_partner,1
1986,2.70.160.11:partner-3.40.50.150:major_partner,1
1987,2.20.130.10:major_partner-3.40.50.150:partner,1
1988,2.20.130.10:major_partner-3.40.50.150:major_partner,1
1989,3.20.20.60:major_partner-3.20.20.60:major_partner,1
1991,3.40.50.10750:major_partner-3.40.50.10750:partner-3.40.50.10950:partner,1
1995,3.20.20.110:partner-3.30.190.10:major_partner,1
2002,3.65.10.10:major_partner-3.65.10.10:major_partner,1
2003,1.50.10.20:major_partner-1.50.10.20:major_partner,1
2004,1.25.40.120:major_partner-1.50.10.20:partner,1
2005,3.40.50.10750:partner-3.40.50.10750:partner-3.40.50.10950:partner,1
2006,3.40.50.10750:partner-3.40.50.10950:major_partner,1
2007,3.40.720.10:partner-4.10.410.20:major_partner,1
2008,1.10.510.10:major_partner-3.60.40.10:partner,1
2009,2.70.98.20:major_partner-2.70.98.20:partner,1
2010,2.40.70.10:major_partner-2.40.70.10:major_partner,1
2012,3.30.70.520:partner-3.30.70.520:partner-3.30.70.520:partner,1
2021,3.30.470.20:partner-3.40.50.1380:major_partner,1
2022,3.30.200.20:partner-3.30.470.20:major_partner,1
2023,3.40.440.10:major_partner-3.90.170.10:major_partner,1
2025,3.30.70.100:major_partner-3.30.70.100:partner,1
2026,3.30.70.580:major_partner-3.30.70.660:partner,1
2027,2.60.120.230:major_partner-2.60.120.310:partner,1
2029,2.30.38.10:major_partner-3.40.50.12820:partner,1
2033,1.20.141.10:partner-3.30.386.10:major_partner,1
2037,3.40.50.1260:major_partner-3.40.50.1260:partner,1
2039,1.10.3130.10:major_partner-1.10.3130.10:partner,1
2046,1.20.1270.320:major_partner-3.30.460.60:partner,1
2047,1.10.1040.10:partner-1.20.5.320:partner-3.40.50.720:partner,1
2049,3.30.470.20:partner-3.40.50.720:major_partner,1
2050,3.40.50.11190:partner-3.40.50.2000:major_partner,1
2053,3.30.470.20:major_partner-3.40.50.720:major_partner,1
2054,2.40.10.10:major_partner-2.40.10.10:major_partner,1
2061,3.40.50.720:major_partner-3.90.190.20:partner,1
2063,3.10.600.10:partner-3.30.470.20:partner-3.30.470.20:partner,1
2066,3.50.30.50:major_partner-3.50.30.50:partner,1
2074,3.40.50.11040:partner-3.40.50.300:major_partner,1
2075,3.40.50.10810:partner-3.40.50.300:major_partner,1
2076,3.40.50.12020:major_partner-3.40.50.300:partner,1
2077,3.40.449.10:major_partner-3.90.228.20:partner,1
2078,2.170.8.10:partner-3.40.449.10:partner-3.90.228.20:partner,1
2079,3.40.220.10:major_partner-3.40.220.10:partner,1
2082,1.25.50.10:partner-2.60.40.1840:major_partner,1
2083,1.10.530.10:partner-3.90.550.10:major_partner,1
2085,1.20.140.10:major_partner-1.20.140.10:partner-1.20.140.10:partner,1
2086,3.40.350.10:partner-3.90.230.10:major_partner,1
2088,3.30.420.40:partner-3.90.870.20:major_partner,1
2089,3.30.420.40:partner-3.40.367.20:major_partner-3.40.367.20:partner,1
2090,3.30.420.40:major_partner-3.30.420.570:partner,1
2092,3.30.420.40:major_partner-3.30.420.40:partner-3.30.420.40:partner,1
2095,1.10.1740.10:partner-3.40.50.720:major_partner,1
2096,1.10.439.20:partner-3.60.60.20:major_partner,1
2100,3.30.750.70:partner-3.40.1080.20:major_partner,1
2103,2.60.120.1030:partner-3.40.50.300:major_partner,1
2104,1.25.40.460:partner-3.40.50.300:major_partner,1
2105,1.10.220.150:partner-3.40.50.300:major_partner,1
2106,1.10.3660.10:major_partner-3.40.50.720:partner,1
2107,1.20.82.10:major_partner-3.40.50.720:major_partner,1
2108,3.40.50.10860:major_partner-3.40.50.720:major_partner,1
2109,3.40.1190.10:partner-3.40.50.720:major_partner-3.90.190.20:partner,1
2110,1.10.1740.10:major_partner-3.40.50.720:partner,1
